public\gta\People\Boobie Ike\Boobie_Ike_01.jpg,3840,2160,1.53535MB
public\gta\People\Boobie Ike\Boobie_Ike_02.jpg,3840,2160,647843B
public\gta\People\Boobie Ike\Boobie_Ike_03.jpg,3840,2160,415850B
public\gta\People\Boobie Ike\Boobie_Ike_04.jpg,3840,2160,885804B
public\gta\People\Brian Heder\Brian_Heder_01.jpg,3840,2160,352917B
public\gta\People\Brian Heder\Brian_Heder_02.jpg,3840,2160,451210B
public\gta\People\Brian Heder\Brian_Heder_03.jpg,3840,2160,458032B
public\gta\People\Brian Heder\Brian_Heder_04.jpg,3840,2160,650203B
public\gta\People\Cal Hampton\Cal_Hampton_01.jpg,3840,2160,536588B
public\gta\People\Cal Hampton\Cal_Hampton_02.jpg,3840,2160,635434B
public\gta\People\Cal Hampton\Cal_Hampton_03.jpg,3840,2160,609075B
public\gta\People\Cal Hampton\Cal_Hampton_04.jpg,3840,2160,410434B
public\gta\People\DreQuan Priest\DreQuan_Priest_01.jpg,3840,2160,752480B
public\gta\People\DreQuan Priest\DreQuan_Priest_02.jpg,3840,2160,352438B
public\gta\People\DreQuan Priest\DreQuan_Priest_03.jpg,3840,2160,227570B
public\gta\People\DreQuan Priest\DreQuan_Priest_04.jpg,3840,2160,629336B
public\gta\People\Jason and Lucia\Jason_and_Lucia_01.jpg,3840,2160,942720B
public\gta\People\Jason and Lucia\Jason_and_Lucia_02.jpg,3840,2160,907752B
public\gta\People\Jason and Lucia\Jason_and_Lucia_03.jpg,3840,2160,887513B
public\gta\People\Jason and Lucia\Jason_and_Lucia_04.jpg,3840,2160,965900B
public\gta\People\Jason and Lucia\Jason_and_Lucia_05.jpg,3840,2160,757007B
public\gta\People\Jason and Lucia\Jason_and_Lucia_06.jpg,3840,2160,898215B
public\gta\People\Jason and Lucia\Jason_and_Lucia_07.jpg,3840,2160,910631B
public\gta\People\Jason and Lucia\Jason_and_Lucia_08.jpg,3840,2160,836581B
public\gta\People\Jason and Lucia\Jason_and_Lucia_09.jpg,3840,2160,883428B
public\gta\People\Jason and Lucia\Jason_and_Lucia_10.jpg,3840,2160,883024B
public\gta\People\Jason and Lucia\Jason_and_Lucia_11.jpg,3840,2160,959835B
public\gta\People\Jason and Lucia\Jason_and_Lucia_12.jpg,3840,2160,846794B
public\gta\People\Jason and Lucia\Jason_and_Lucia_13.jpg,3840,2160,876529B
public\gta\People\Jason Duval\Jason_Duval_01.jpg,3840,2160,439420B
public\gta\People\Jason Duval\Jason_Duval_02.jpg,3840,2160,384771B
public\gta\People\Jason Duval\Jason_Duval_03.jpg,3840,2160,371302B
public\gta\People\Jason Duval\Jason_Duval_04.jpg,3840,2160,521404B
public\gta\People\Jason Duval\Jason_Duval_05.jpg,3840,2160,410561B
public\gta\People\Jason Duval\Jason_Duval_06.jpg,3840,2160,491345B
public\gta\People\Jason Duval\Jason_Duval_07.jpg,3840,2160,939665B
public\gta\People\Jason Duval\Jason_Duval_08.jpg,3840,2160,827207B
public\gta\People\Jason Duval\Jason_Duval_09.jpg,3840,2160,891713B
public\gta\People\Jason Duval\Jason_Duval_10.jpg,3840,2160,926082B
public\gta\People\Lucia Caminos\Lucia_Caminos_01.jpg,3840,2160,301343B
public\gta\People\Lucia Caminos\Lucia_Caminos_02.jpg,3840,2160,637178B
public\gta\People\Lucia Caminos\Lucia_Caminos_03.jpg,3840,2160,454584B
public\gta\People\Lucia Caminos\Lucia_Caminos_04.jpg,3840,2160,280220B
public\gta\People\Lucia Caminos\Lucia_Caminos_05.jpg,3840,2160,418652B
public\gta\People\Lucia Caminos\Lucia_Caminos_06.jpg,3840,2160,471321B
public\gta\People\Lucia Caminos\Lucia_Caminos_07.jpg,3840,2160,913009B
public\gta\People\Lucia Caminos\Lucia_Caminos_08.jpg,3840,2160,876981B
public\gta\People\Lucia Caminos\Lucia_Caminos_09.jpg,3840,2160,898033B
public\gta\People\Lucia Caminos\Lucia_Caminos_10.jpg,3840,2160,852361B
public\gta\People\Raul Bautista\Raul_Bautista_01.jpg,3840,2160,266164B
public\gta\People\Raul Bautista\Raul_Bautista_02.jpg,3840,2160,500262B
public\gta\People\Raul Bautista\Raul_Bautista_03.jpg,3840,2160,497296B
public\gta\People\Raul Bautista\Raul_Bautista_04.jpg,3840,2160,394705B
public\gta\People\Real Dimez\Real_Dimez_01.jpg,3840,2160,697676B
public\gta\People\Real Dimez\Real_Dimez_02.jpg,3840,2160,632862B
public\gta\People\Real Dimez\Real_Dimez_03.jpg,3840,2160,509709B
public\gta\People\Real Dimez\Real_Dimez_04.jpg,3840,2160,641117B
public\gta\Places\Ambrosia\Ambrosia_01.jpg,3840,2160,715141B
public\gta\Places\Ambrosia\Ambrosia_02.jpg,3840,2160,480912B
public\gta\Places\Ambrosia\Ambrosia_03.jpg,3840,2160,633337B
public\gta\Places\Ambrosia\Ambrosia_04.jpg,3840,2160,1.05643MB
public\gta\Places\Ambrosia\Ambrosia_05.jpg,3840,2160,763131B
public\gta\Places\Ambrosia\Ambrosia_06.jpg,3840,2160,898487B
public\gta\Places\Grassrivers\Grassrivers_01.jpg,3840,2160,861338B
public\gta\Places\Grassrivers\Grassrivers_02.jpg,3840,2160,859665B
public\gta\Places\Grassrivers\Grassrivers_03.jpg,3840,2160,884187B
public\gta\Places\Grassrivers\Grassrivers_04.jpg,3840,2160,1.2181MB
public\gta\Places\Grassrivers\Grassrivers_05.jpg,3840,2160,1.25809MB
public\gta\Places\Grassrivers\Grassrivers_06.jpg,3840,2160,903003B
public\gta\Places\Leonida Keys\Leonida_Keys_01.jpg,3840,2160,846989B
public\gta\Places\Leonida Keys\Leonida_Keys_02.jpg,3840,2160,1.15664MB
public\gta\Places\Leonida Keys\Leonida_Keys_03.jpg,3840,2160,1.11893MB
public\gta\Places\Leonida Keys\Leonida_Keys_04.jpg,3840,2160,592956B
public\gta\Places\Leonida Keys\Leonida_Keys_05.jpg,3840,2160,891284B
public\gta\Places\Leonida Keys\Leonida_Keys_06.jpg,3840,2160,909051B
public\gta\Places\Mount Kalaga National Park\Mount_Kalaga_National_Park_01.jpg,3840,2160,961160B
public\gta\Places\Mount Kalaga National Park\Mount_Kalaga_National_Park_02.jpg,3840,2160,333806B
public\gta\Places\Mount Kalaga National Park\Mount_Kalaga_National_Park_03.jpg,3840,2160,975635B
public\gta\Places\Mount Kalaga National Park\Mount_Kalaga_National_Park_04.jpg,3840,2160,1.27418MB
public\gta\Places\Mount Kalaga National Park\Mount_Kalaga_National_Park_05.jpg,3840,2160,861566B
public\gta\Places\Mount Kalaga National Park\Mount_Kalaga_National_Park_06.jpg,3840,2160,1.29162MB
public\gta\Places\Port Gellhorn\Port_Gellhorn_01.jpg,3840,2160,829686B
public\gta\Places\Port Gellhorn\Port_Gellhorn_02.jpg,3840,2160,572219B
public\gta\Places\Port Gellhorn\Port_Gellhorn_03.jpg,3840,2160,357766B
public\gta\Places\Port Gellhorn\Port_Gellhorn_04.jpg,3840,2160,1.0822MB
public\gta\Places\Port Gellhorn\Port_Gellhorn_05.jpg,3840,2160,650414B
public\gta\Places\Port Gellhorn\Port_Gellhorn_06.jpg,3840,2160,883694B
public\gta\Places\Vice City\Vice_City_01.jpg,3840,2160,492097B
public\gta\Places\Vice City\Vice_City_02.jpg,3840,2160,528149B
public\gta\Places\Vice City\Vice_City_03.jpg,3840,2160,1.2472MB
public\gta\Places\Vice City\Vice_City_04.jpg,3840,2160,737058B
public\gta\Places\Vice City\Vice_City_05.jpg,3840,2160,561227B
public\gta\Places\Vice City\Vice_City_06.jpg,3840,2160,649067B
public\gta\Places\Vice City\Vice_City_07.jpg,3840,2160,528847B
public\gta\Places\Vice City\Vice_City_08.jpg,3840,2160,753970B
public\gta\Places\Vice City\Vice_City_09.jpg,3840,2160,938571B
public\gta\Places\Vice City\Vice_City_10.jpg,3840,2160,878309B
public\gta\Places\Vice City\Vice_City_11.jpg,3840,2160,894386B
public\gta\Places\Vice City\Vice_City_12.jpg,3840,2160,946930B
